question,role,category,difficulty
What is the difference between compilation and interpretation?,General,General Programming,Medium
Explain the concept of polymorphism.,General,General Programming,Medium
Define encapsulation and give an example.,General,General Programming,Hard
"What is an abstract class, and how is it different from an interface?",General,General Programming,Medium
Describe the principles of Object-Oriented Programming (OOP).,General,General Programming,Medium
What is the purpose of a constructor?,General,General Programming,Medium
Explain the difference between stack and heap memory.,General,General Programming,Medium
"What is a design pattern, and can you name a few?",General,General Programming,Medium
"Define the term ""DRY"" in software development.",General,General Programming,Medium
What is the SOLID principle?,General,General Program,Hard
What is the difference between an array and a linked list?,General,Data Structures,Easy
Explain the time complexity of an algorithm.,General,Data Structures,Hard
Describe the difference between a binary search tree and a hash table.,General,Data Structures,Medium
What is a linked list and how does it work?,General,Data Structures,Medium
Explain the concept of recursion.,General,Data Structures,Medium
"What is Big O notation, and why is it important?",General,Data Structures,Medium
How do you perform a binary search on a sorted array?,General,Data Structures,Hard
Discuss the advantages and disadvantages of different sorting algorithms.,General,Data Structures,Medium
Explain how a hash table works.,General,Data Structures,Medium
What is dynamic programming?,General,Data Structures,Hard
What is the difference between Java and JavaScript?,General,Languages and Frameworks,Medium
Describe the MVC architectural pattern.,General,Languages and Frameworks,Medium
What is a RESTful API?,General,Languages and Frameworks,Medium
"Explain the use of ""this"" keyword in JavaScript.",General,Languages and Frameworks,Medium
What is a closure in programming?,General,Languages and Frameworks,Medium
What are the differences between Python 2 and Python 3?,General,Languages and Frameworks,Medium
Discuss the role of a package manager like npm or pip.,General,Languages and Frameworks,Hard
Explain the concept of multi-threading in Java.,General,Languages and Frameworks,Medium
What is a Singleton pattern?,General,Languages and Frameworks,Medium
What is a virtual function in C++?,General,Languages and Frameworks,Medium
"What is a database index, and why is it important?",General,Database and SQL,Medium
Explain the differences between SQL and NoSQL databases.,General,Database and SQL,Medium
What is a foreign key in a database?,General,Database and SQL,Medium
Describe the ACID properties in database transactions.,General,Database and SQL,Hard
How do you optimize a SQL query for better performance?,General,Database and SQL,Easy
What is normalization in database design?,General,Database and SQL,Hard
Explain the difference between INNER JOIN and LEFT JOIN in SQL.,General,Database and SQL,Medium
"What is a stored procedure, and when would you use one?",General,Database and SQL,Medium
"What is database denormalization, and when is it appropriate?",General,Database and SQL,Medium
Discuss the advantages and disadvantages of using an ORM tool.,General,Database and SQL,Medium
What is the Document Object Model (DOM)?,General,Web Development,Hard
Explain the difference between HTTP and HTTPS.,General,Web Development,Medium
What is CORS (Cross-Origin Resource Sharing)?,General,Web Development,Medium
Describe the purpose of a web server like Apache or Nginx.,General,Web Development,Medium
"What is a cookie, and how does it work?",General,Web Development,Hard
What is a session in web development?,General,Web Development,Medium
Explain the concept of responsive web design.,General,Web Development,Medium
Describe the differences between GET and POST requests.,General,Web Development,Medium
What is the importance of SEO in web development?,General,Web Development,Medium
How does a web browser render a web page?,General,Web Development,Medium
"What is unit testing, and why is it important?",General,Software Testing,Medium
Explain the difference between black-box and white-box testing.,General,Software Testing,Hard
What is regression testing?,General,Software Testing,Easy
Describe the purpose of code reviews.,General,Software Testing,Hard
What is continuous integration (CI) and continuous delivery (CD)?,General,Software Testing,Medium
Explain the concept of code coverage in testing.,General,Software Testing,Medium
What is a test case and how do you write one?,General,Software Testing,Medium
"What is load testing, and why is it necessary?",General,Software Testing,Medium
Describe the differences between manual and automated testing.,General,Software Testing,Hard
What is a bug tracking system?,General,Software Testing,Medium
"What is Git, and how does it work?",General,Version Control,Medium
Explain the difference between Git and SVN (Subversion).,General,Version Control,Hard
"What is a merge conflict, and how do you resolve it in Git?",General,Version Control,Medium
Describe the purpose of branching in version control.,General,Version Control,Medium
"What is a pull request (PR), and how does it work?",General,Version Control,Medium
How do you handle code conflicts in a team project?,General,Version Control,Medium
"What is code refactoring, and why is it important?",General,Version Control,Medium
Explain the role of Git branching strategies like GitFlow.,General,Version Control,Medium
"What is Git rebase, and when would you use it?",General,Version Control,Hard
Discuss the advantages of distributed version control systems.,General,Version Control,Medium
Describe the concept of microservices architecture.,General,System Design,Medium
"What is a load balancer, and why is it used in web applications?",General,System Design,Medium
Explain the importance of caching in web applications.,General,System Design,Medium
What is a CDN (Content Delivery Network)?,General,System Design,Medium
Discuss the pros and cons of monolithic vs. microservices architecture.,General,System Design,Medium
What is a stateless vs. stateful service?,General,System Design,Hard
Explain the concept of CAP theorem in distributed systems.,General,System Design,Easy
How do you ensure data consistency in a distributed database?,General,System Design,Hard
Describe the role of a reverse proxy in a web application.,General,System Design,Medium
"What is a message broker, and when would you use one?",General,System Design,Medium
"What is SQL injection, and how can it be prevented?",General,Security,Medium
Explain the concept of Cross-Site Scripting (XSS).,General,Security,Medium
What is two-factor authentication (2FA)?,General,Security,Hard
Describe the process of password hashing and salting.,General,Security,Medium
"What is OAuth, and how does it work?",General,Security,Medium
How do you protect against session fixation attacks?,General,Security,Medium
Explain the principles of least privilege and defense in depth.,General,Security,Hard
What is a DDoS (Distributed Denial of Service) attack?,General,Security,Medium
How can you secure sensitive data in a mobile app?,General,Security,Medium
Discuss the importance of security in API design.,General,Security,Medium
"What is Docker, and how does it work?",General,DevOps,Medium
Explain the concept of container orchestration.,General,DevOps,Medium
"What is Kubernetes, and why is it popular in container management?",General,DevOps,Medium
Describe the process of continuous integration and continuous delivery (CI/CD).,General,DevOps,Hard
What is infrastructure as code (IaC)?,General,DevOps,Easy
How do you monitor the performance of a web application?,General,DevOps,Hard
Discuss the importance of automated testing in CI/CD pipelines.,General,DevOps,Medium
"What is Blue-Green deployment, and when would you use it?",General,DevOps,Medium
Explain the role of a configuration management tool like Ansible.,General,DevOps,Medium
"Describe the benefits of using a cloud platform like AWS, Azure, or Google Cloud.",General,DevOps,Medium
Explain the concept of 'closure' in JavaScript.,General,Front-end,Hard
Describe the use of Docker in a DevOps environment.,General,DevOps,Medium
What is a 'race condition' in software development?,General,Back-end,Medium
How would you optimize a website's load time?,General,Front-end,Hard
What is the difference between SQL and NoSQL databases?,General,Back-end,Medium
Can you explain the concept of 'state' in React?,General,Front-end,Medium
What is continuous integration in DevOps?,General,DevOps,Medium
How do you implement a binary search algorithm?,General,Full-stack,Medium
Describe the MVC architecture.,General,Full-stack,Medium
What are microservices and how do they differ from monolithic architectures?,General,Back-end,Medium
Explain the difference between '==' and '===' in JavaScript.,General,Front-end,Hard
What is Kubernetes and how does it relate to containerization?,General,DevOps,Medium
Describe how you would implement a RESTful API in a back-end application.,General,Back-end,Medium
What are the benefits of server-side rendering vs client-side rendering?,General,Front-end,Medium
How do NoSQL databases handle data scaling compared to traditional SQL databases?,General,Back-end,Medium
Explain the use of hooks in React.,General,Front-end,Medium
What is Infrastructure as Code (IaC) and its significance in DevOps?,General,DevOps,Medium
Describe the process of memoization in programming.,General,Full-stack,Hard
What are the advantages of using a microservices architecture?,General,Back-end,Easy
Explain the SOLID principles in software engineering.,General,Full-stack,Hard
What is lazy loading in web development?,General,Front-end,Medium
Discuss the role of a load balancer in a distributed system.,General,DevOps,Medium
How does indexing improve database query performance?,General,Back-end,Medium
Explain event delegation in JavaScript.,General,Front-end,Medium
Design a distributed key-value store.,General,System Design,Hard
Implement a function to check if a binary tree is balanced.,General,Algorithms,Hard
Design a URL shortening service like bit.ly.,General,System Design,Hard
Design a recommendation system for a large e-commerce platform.,General,Machine Learning,Hard
Write an algorithm to find the median of a stream of numbers.,General,Algorithms,Hard
Explain the Raft consensus algorithm.,General,Distributed Systems,Hard
"Optimize a global, high-traffic content delivery network.",General,Networking,Hard
Design a chat application that can scale to millions of users.,General,System Design,Hard
Implement a garbage collector for a programming language.,General,Low-level Systems,Hard
Design a scalable notification system for a social network.,General,System Design,Hard
Explain the workings of the TCP protocol for a low-latency network.,General,Networking,Hard
Design and implement a concurrent hash map.,General,Data Structures,Hard
Find the Kth largest element in a stream of numbers.,General,Algorithms,Hard
Implement Google's PageRank algorithm.,General,Algorithms,Hard
Design an API rate limiter for a web service.,General,System Design,Hard
Optimize database queries for a high-traffic website.,General,Database Systems,Hard
Create a secure and scalable authentication system for a web application.,General,Security,Hard
Design a system for efficient storage and retrieval of large-scale time-series data.,General,Database Systems,Hard
Explain how a blockchain works and how to implement one.,General,Distributed Systems,Hard
Design an efficient parking lot management system.,General,System Design,Hard
Develop a machine learning model to predict stock prices.,General,Machine Learning,Hard
Write a custom memory allocator for a C++ application.,General,Low-level Systems,Hard
Design a real-time multiplayer online game architecture.,General,System Design,Hard
Implement a distributed file system.,General,Distributed Systems,Hard
Optimize a search algorithm for a large dataset in a distributed environment.,General,Algorithms,Hard
Design a data pipeline for processing big data in real-time.,General,Data Engineering,Hard
Build a high-frequency trading system and discuss its components.,General,System Design,Hard
Develop a deep learning model to analyze and interpret medical images.,General,Machine Learning,Hard
Create an AI that can play a complex board game at a competitive level.,General,Artificial Intelligence,Hard
Design a fraud detection system for online transactions.,General,Security,Hard
Implement a distributed graph processing framework.,General,Distributed Systems,Hard
Design a global video streaming service like Netflix.,General,System Design,Hard
Create a system to efficiently match job seekers with job postings.,General,Algorithms,Hard
Design and implement a large-scale distributed cache system.,General,Distributed Systems,Hard
Optimize network protocols for a satellite communication system.,General,Networking,Hard
Develop an autonomous vehicle's path planning algorithm.,General,Algorithms,Hard
Design a scalable and reliable messaging system for a large corporation.,General,System Design,Hard
Implement a natural language processing algorithm to understand and answer user queries.,General,Machine Learning,Hard
Create an efficient algorithm for real-time anomaly detection in network traffic.,General,Algorithms,Hard
Design a system to manage and process Internet of Things (IoT) data.,General,System Design,Hard
Build a compiler for a new programming language.,General,Low-level Systems,Hard
Implement a robust text editor with features like auto-complete and syntax highlighting.,General,Algorithms,Hard
Design a scalable infrastructure for an online advertising platform.,General,System Design,Hard
Develop a machine learning algorithm to detect fake news on social media.,General,Machine Learning,Hard
Optimize an SQL database for a high-volume financial transaction system.,General,Database Systems,Hard
Design a cloud-based virtual desktop infrastructure.,General,System Design,Hard
Create a real-time sports analytics system using sensor data.,General,Data Engineering,Hard
Implement a quantum algorithm for solving a well-known computational problem.,General,Algorithms,Hard
Design a secure mobile payment system for developing countries.,General,Security,Hard
Build a scalable image processing pipeline for a photo-sharing app.,General,System Design,Hard
Explain the difference between list and tuple.,Software Engineer,Technical,medium
Explain the difference between list and array.,Software Engineer,Technical,medium
Explain the difference between list and hashmap.,Software Engineer,Technical,medium
Explain the difference between list and recursion.,Software Engineer,Technical,easy
Explain the difference between list and inheritance.,Software Engineer,Technical,hard
Explain the difference between list and encapsulation.,Software Engineer,Technical,hard
Explain the difference between list and polymorphism.,Software Engineer,Technical,easy
Explain the difference between list and pointers.,Software Engineer,Technical,medium
Explain the difference between list and REST API.,Software Engineer,Technical,hard
Explain the difference between list and SQL injection.,Software Engineer,Technical,easy
Explain the difference between list and multithreading.,Software Engineer,Technical,medium
Explain the difference between list and deadlock.,Software Engineer,Technical,hard
Explain the difference between list and garbage collection.,Software Engineer,Technical,hard
Explain the difference between list and Big O notation.,Software Engineer,Technical,easy
Explain the difference between list and stack.,Software Engineer,Technical,medium
Explain the difference between list and queue.,Software Engineer,Technical,medium
Explain the difference between list and dictionary.,Software Engineer,Technical,hard
Explain the difference between list and lambda function.,Software Engineer,Technical,hard
Explain the difference between list and virtual memory.,Software Engineer,Technical,medium
Explain the difference between list and exception handling.,Software Engineer,Technical,easy
Explain the difference between list and binary search.,Software Engineer,Technical,medium
Explain the difference between list and linked list.,Software Engineer,Technical,hard
Explain the difference between list and merge sort.,Software Engineer,Technical,easy
Explain the difference between list and interface.,Software Engineer,Technical,hard
Explain the difference between tuple and array.,Software Engineer,Technical,hard
Explain the difference between tuple and hashmap.,Software Engineer,Technical,medium
Explain the difference between tuple and recursion.,Software Engineer,Technical,hard
Explain the difference between tuple and inheritance.,Software Engineer,Technical,easy
Explain the difference between tuple and encapsulation.,Software Engineer,Technical,easy
Explain the difference between tuple and polymorphism.,Software Engineer,Technical,easy
Explain the difference between tuple and pointers.,Software Engineer,Technical,easy
Explain the difference between tuple and REST API.,Software Engineer,Technical,hard
Explain the difference between tuple and SQL injection.,Software Engineer,Technical,hard
Explain the difference between tuple and multithreading.,Software Engineer,Technical,hard
Explain the difference between tuple and deadlock.,Software Engineer,Technical,easy
Explain the difference between tuple and garbage collection.,Software Engineer,Technical,hard
Explain the difference between tuple and Big O notation.,Software Engineer,Technical,medium
Explain the difference between tuple and stack.,Software Engineer,Technical,easy
Explain the difference between tuple and queue.,Software Engineer,Technical,medium
Explain the difference between tuple and dictionary.,Software Engineer,Technical,hard
Explain the difference between tuple and lambda function.,Software Engineer,Technical,hard
Explain the difference between tuple and virtual memory.,Software Engineer,Technical,hard
Explain the difference between tuple and exception handling.,Software Engineer,Technical,hard
Explain the difference between tuple and binary search.,Software Engineer,Technical,hard
Explain the difference between tuple and linked list.,Software Engineer,Technical,medium
Explain the difference between tuple and merge sort.,Software Engineer,Technical,medium
Explain the difference between tuple and interface.,Software Engineer,Technical,hard
Explain the difference between array and hashmap.,Software Engineer,Technical,hard
Explain the difference between array and recursion.,Software Engineer,Technical,medium
Explain the difference between array and inheritance.,Software Engineer,Technical,easy
Explain the difference between array and encapsulation.,Software Engineer,Technical,medium
Explain the difference between array and polymorphism.,Software Engineer,Technical,hard
Explain the difference between array and pointers.,Software Engineer,Technical,easy
Explain the difference between array and REST API.,Software Engineer,Technical,medium
Explain the difference between array and SQL injection.,Software Engineer,Technical,hard
Explain the difference between array and multithreading.,Software Engineer,Technical,hard
Explain the difference between array and deadlock.,Software Engineer,Technical,medium
Explain the difference between array and garbage collection.,Software Engineer,Technical,easy
Explain the difference between array and Big O notation.,Software Engineer,Technical,easy
Explain the difference between array and stack.,Software Engineer,Technical,easy
Explain the difference between array and queue.,Software Engineer,Technical,medium
Explain the difference between array and dictionary.,Software Engineer,Technical,hard
Explain the difference between array and lambda function.,Software Engineer,Technical,medium
Explain the difference between array and virtual memory.,Software Engineer,Technical,hard
Explain the difference between array and exception handling.,Software Engineer,Technical,hard
Explain the difference between array and binary search.,Software Engineer,Technical,medium
Explain the difference between array and linked list.,Software Engineer,Technical,medium
Explain the difference between array and merge sort.,Software Engineer,Technical,easy
Explain the difference between array and interface.,Software Engineer,Technical,hard
Explain the difference between hashmap and recursion.,Software Engineer,Technical,hard
Explain the difference between hashmap and inheritance.,Software Engineer,Technical,medium
Explain the difference between hashmap and encapsulation.,Software Engineer,Technical,medium
Explain the difference between hashmap and polymorphism.,Software Engineer,Technical,hard
Explain the difference between hashmap and pointers.,Software Engineer,Technical,hard
Explain the difference between hashmap and REST API.,Software Engineer,Technical,medium
Explain the difference between hashmap and SQL injection.,Software Engineer,Technical,hard
Explain the difference between hashmap and multithreading.,Software Engineer,Technical,hard
Explain the difference between hashmap and deadlock.,Software Engineer,Technical,medium
Explain the difference between hashmap and garbage collection.,Software Engineer,Technical,medium
Explain the difference between hashmap and Big O notation.,Software Engineer,Technical,hard
Explain the difference between hashmap and stack.,Software Engineer,Technical,easy
Explain the difference between hashmap and queue.,Software Engineer,Technical,hard
Explain the difference between hashmap and dictionary.,Software Engineer,Technical,hard
Explain the difference between hashmap and lambda function.,Software Engineer,Technical,medium
Explain the difference between hashmap and virtual memory.,Software Engineer,Technical,medium
Explain the difference between hashmap and exception handling.,Software Engineer,Technical,medium
Explain the difference between hashmap and binary search.,Software Engineer,Technical,medium
Explain the difference between hashmap and linked list.,Software Engineer,Technical,hard
Explain the difference between hashmap and merge sort.,Software Engineer,Technical,hard
Explain the difference between hashmap and interface.,Software Engineer,Technical,hard
Explain the difference between recursion and inheritance.,Software Engineer,Technical,hard
Explain the difference between recursion and encapsulation.,Software Engineer,Technical,medium
Explain the difference between recursion and polymorphism.,Software Engineer,Technical,easy
Explain the difference between recursion and pointers.,Software Engineer,Technical,hard
Explain the difference between recursion and REST API.,Software Engineer,Technical,medium
Explain the difference between recursion and SQL injection.,Software Engineer,Technical,easy
Explain the difference between recursion and multithreading.,Software Engineer,Technical,easy
Explain the difference between recursion and deadlock.,Software Engineer,Technical,hard
Explain the difference between recursion and garbage collection.,Software Engineer,Technical,easy
Explain the difference between recursion and Big O notation.,Software Engineer,Technical,easy
Explain the difference between recursion and stack.,Software Engineer,Technical,medium
Explain the difference between recursion and queue.,Software Engineer,Technical,medium
Explain the difference between recursion and dictionary.,Software Engineer,Technical,easy
Explain the difference between recursion and lambda function.,Software Engineer,Technical,medium
Explain the difference between recursion and virtual memory.,Software Engineer,Technical,hard
Explain the difference between recursion and exception handling.,Software Engineer,Technical,medium
Explain the difference between recursion and binary search.,Software Engineer,Technical,easy
Explain the difference between recursion and linked list.,Software Engineer,Technical,medium
Explain the difference between recursion and merge sort.,Software Engineer,Technical,easy
Explain the difference between recursion and interface.,Software Engineer,Technical,easy
Explain the difference between inheritance and encapsulation.,Software Engineer,Technical,medium
Explain the difference between inheritance and polymorphism.,Software Engineer,Technical,easy
Explain the difference between inheritance and pointers.,Software Engineer,Technical,medium
Explain the difference between inheritance and REST API.,Software Engineer,Technical,medium
Explain the difference between inheritance and SQL injection.,Software Engineer,Technical,medium
Explain the difference between inheritance and multithreading.,Software Engineer,Technical,medium
Explain the difference between inheritance and deadlock.,Software Engineer,Technical,easy
Explain the difference between inheritance and garbage collection.,Software Engineer,Technical,hard
Explain the difference between inheritance and Big O notation.,Software Engineer,Technical,hard
Explain the difference between inheritance and stack.,Software Engineer,Technical,medium
Explain the difference between inheritance and queue.,Software Engineer,Technical,easy
Explain the difference between inheritance and dictionary.,Software Engineer,Technical,easy
Explain the difference between inheritance and lambda function.,Software Engineer,Technical,medium
Explain the difference between inheritance and virtual memory.,Software Engineer,Technical,easy
Explain the difference between inheritance and exception handling.,Software Engineer,Technical,hard
Explain the difference between inheritance and binary search.,Software Engineer,Technical,easy
Explain the difference between inheritance and linked list.,Software Engineer,Technical,easy
Explain the difference between inheritance and merge sort.,Software Engineer,Technical,easy
Explain the difference between inheritance and interface.,Software Engineer,Technical,easy
Explain the difference between encapsulation and polymorphism.,Software Engineer,Technical,hard
Explain the difference between encapsulation and pointers.,Software Engineer,Technical,easy
Explain the difference between encapsulation and REST API.,Software Engineer,Technical,medium
Explain the difference between encapsulation and SQL injection.,Software Engineer,Technical,easy
Explain the difference between encapsulation and multithreading.,Software Engineer,Technical,medium
Explain the difference between encapsulation and deadlock.,Software Engineer,Technical,easy
Explain the difference between encapsulation and garbage collection.,Software Engineer,Technical,hard
Explain the difference between encapsulation and Big O notation.,Software Engineer,Technical,easy
Explain the difference between encapsulation and stack.,Software Engineer,Technical,hard
Explain the difference between encapsulation and queue.,Software Engineer,Technical,hard
Explain the difference between encapsulation and dictionary.,Software Engineer,Technical,easy
Explain the difference between encapsulation and lambda function.,Software Engineer,Technical,hard
Explain the difference between encapsulation and virtual memory.,Software Engineer,Technical,hard
Explain the difference between encapsulation and exception handling.,Software Engineer,Technical,medium
Explain the difference between encapsulation and binary search.,Software Engineer,Technical,hard
Explain the difference between encapsulation and linked list.,Software Engineer,Technical,easy
Explain the difference between encapsulation and merge sort.,Software Engineer,Technical,easy
Explain the difference between encapsulation and interface.,Software Engineer,Technical,medium
Explain the difference between polymorphism and pointers.,Software Engineer,Technical,easy
Explain the difference between polymorphism and REST API.,Software Engineer,Technical,hard
Explain the difference between polymorphism and SQL injection.,Software Engineer,Technical,easy
Explain the difference between polymorphism and multithreading.,Software Engineer,Technical,hard
Explain the difference between polymorphism and deadlock.,Software Engineer,Technical,medium
Explain the difference between polymorphism and garbage collection.,Software Engineer,Technical,hard
Explain the difference between polymorphism and Big O notation.,Software Engineer,Technical,hard
Explain the difference between polymorphism and stack.,Software Engineer,Technical,easy
Explain the difference between polymorphism and queue.,Software Engineer,Technical,hard
Explain the difference between polymorphism and dictionary.,Software Engineer,Technical,medium
Explain the difference between polymorphism and lambda function.,Software Engineer,Technical,medium
Explain the difference between polymorphism and virtual memory.,Software Engineer,Technical,hard
Explain the difference between polymorphism and exception handling.,Software Engineer,Technical,medium
Explain the difference between polymorphism and binary search.,Software Engineer,Technical,easy
Explain the difference between polymorphism and linked list.,Software Engineer,Technical,easy
Explain the difference between polymorphism and merge sort.,Software Engineer,Technical,medium
Explain the difference between polymorphism and interface.,Software Engineer,Technical,medium
Explain the difference between pointers and REST API.,Software Engineer,Technical,medium
Explain the difference between pointers and SQL injection.,Software Engineer,Technical,hard
Explain the difference between pointers and multithreading.,Software Engineer,Technical,hard
Explain the difference between pointers and deadlock.,Software Engineer,Technical,hard
Explain the difference between pointers and garbage collection.,Software Engineer,Technical,medium
Explain the difference between pointers and Big O notation.,Software Engineer,Technical,easy
Explain the difference between pointers and stack.,Software Engineer,Technical,medium
Explain the difference between pointers and queue.,Software Engineer,Technical,medium
Explain the difference between pointers and dictionary.,Software Engineer,Technical,hard
Explain the difference between pointers and lambda function.,Software Engineer,Technical,hard
Explain the difference between pointers and virtual memory.,Software Engineer,Technical,medium
Explain the difference between pointers and exception handling.,Software Engineer,Technical,medium
Explain the difference between pointers and binary search.,Software Engineer,Technical,easy
Explain the difference between pointers and linked list.,Software Engineer,Technical,medium
Explain the difference between pointers and merge sort.,Software Engineer,Technical,easy
Explain the difference between pointers and interface.,Software Engineer,Technical,easy
Explain the difference between REST API and SQL injection.,Software Engineer,Technical,easy
Explain the difference between REST API and multithreading.,Software Engineer,Technical,medium
Explain the difference between REST API and deadlock.,Software Engineer,Technical,medium
Explain the difference between REST API and garbage collection.,Software Engineer,Technical,easy
Explain the difference between REST API and Big O notation.,Software Engineer,Technical,easy
Explain the difference between REST API and stack.,Software Engineer,Technical,hard
Explain the difference between REST API and queue.,Software Engineer,Technical,hard
Explain the difference between REST API and dictionary.,Software Engineer,Technical,hard
Explain the difference between REST API and lambda function.,Software Engineer,Technical,easy
Explain the difference between REST API and virtual memory.,Software Engineer,Technical,medium
Explain the difference between REST API and exception handling.,Software Engineer,Technical,medium
Explain the difference between REST API and binary search.,Software Engineer,Technical,medium
Explain the difference between REST API and linked list.,Software Engineer,Technical,hard
Explain the difference between REST API and merge sort.,Software Engineer,Technical,easy
Explain the difference between REST API and interface.,Software Engineer,Technical,easy
Explain the difference between SQL injection and multithreading.,Software Engineer,Technical,hard
Explain the difference between SQL injection and deadlock.,Software Engineer,Technical,hard
Explain the difference between SQL injection and garbage collection.,Software Engineer,Technical,hard
Explain the difference between SQL injection and Big O notation.,Software Engineer,Technical,easy
Explain the difference between SQL injection and stack.,Software Engineer,Technical,medium
Explain the difference between SQL injection and queue.,Software Engineer,Technical,hard
Explain the difference between SQL injection and dictionary.,Software Engineer,Technical,easy
Explain the difference between SQL injection and lambda function.,Software Engineer,Technical,hard
Explain the difference between SQL injection and virtual memory.,Software Engineer,Technical,easy
Explain the difference between SQL injection and exception handling.,Software Engineer,Technical,easy
Explain the difference between SQL injection and binary search.,Software Engineer,Technical,medium
Explain the difference between SQL injection and linked list.,Software Engineer,Technical,easy
Explain the difference between SQL injection and merge sort.,Software Engineer,Technical,easy
Explain the difference between SQL injection and interface.,Software Engineer,Technical,easy
Explain the difference between multithreading and deadlock.,Software Engineer,Technical,easy
Explain the difference between multithreading and garbage collection.,Software Engineer,Technical,medium
Explain the difference between multithreading and Big O notation.,Software Engineer,Technical,medium
Explain the difference between multithreading and stack.,Software Engineer,Technical,easy
Explain the difference between multithreading and queue.,Software Engineer,Technical,easy
Explain the difference between multithreading and dictionary.,Software Engineer,Technical,hard
Explain the difference between multithreading and lambda function.,Software Engineer,Technical,medium
Explain the difference between multithreading and virtual memory.,Software Engineer,Technical,medium
Explain the difference between multithreading and exception handling.,Software Engineer,Technical,hard
Explain the difference between multithreading and binary search.,Software Engineer,Technical,easy
Explain the difference between multithreading and linked list.,Software Engineer,Technical,medium
Explain the difference between multithreading and merge sort.,Software Engineer,Technical,easy
Explain the difference between multithreading and interface.,Software Engineer,Technical,easy
Explain the difference between deadlock and garbage collection.,Software Engineer,Technical,medium
Explain the difference between deadlock and Big O notation.,Software Engineer,Technical,medium
Explain the difference between deadlock and stack.,Software Engineer,Technical,medium
Explain the difference between deadlock and queue.,Software Engineer,Technical,medium
Explain the difference between deadlock and dictionary.,Software Engineer,Technical,easy
Explain the difference between deadlock and lambda function.,Software Engineer,Technical,hard
Explain the difference between deadlock and virtual memory.,Software Engineer,Technical,easy
Explain the difference between deadlock and exception handling.,Software Engineer,Technical,easy
Explain the difference between deadlock and binary search.,Software Engineer,Technical,hard
Explain the difference between deadlock and linked list.,Software Engineer,Technical,hard
Explain the difference between deadlock and merge sort.,Software Engineer,Technical,easy
Explain the difference between deadlock and interface.,Software Engineer,Technical,hard
Explain the difference between garbage collection and Big O notation.,Software Engineer,Technical,hard
Explain the difference between garbage collection and stack.,Software Engineer,Technical,easy
Explain the difference between garbage collection and queue.,Software Engineer,Technical,hard
Explain the difference between garbage collection and dictionary.,Software Engineer,Technical,easy
Explain the difference between garbage collection and lambda function.,Software Engineer,Technical,easy
Explain the difference between garbage collection and virtual memory.,Software Engineer,Technical,hard
Explain the difference between garbage collection and exception handling.,Software Engineer,Technical,medium
Explain the difference between garbage collection and binary search.,Software Engineer,Technical,medium
Explain the difference between garbage collection and linked list.,Software Engineer,Technical,easy
Explain the difference between garbage collection and merge sort.,Software Engineer,Technical,hard
Explain the difference between garbage collection and interface.,Software Engineer,Technical,medium
Explain the difference between Big O notation and stack.,Software Engineer,Technical,hard
Explain the difference between Big O notation and queue.,Software Engineer,Technical,medium
Explain the difference between Big O notation and dictionary.,Software Engineer,Technical,easy
Explain the difference between Big O notation and lambda function.,Software Engineer,Technical,medium
Explain the difference between Big O notation and virtual memory.,Software Engineer,Technical,medium
Explain the difference between Big O notation and exception handling.,Software Engineer,Technical,easy
Explain the difference between Big O notation and binary search.,Software Engineer,Technical,hard
Explain the difference between Big O notation and linked list.,Software Engineer,Technical,hard
Explain the difference between Big O notation and merge sort.,Software Engineer,Technical,medium
Explain the difference between Big O notation and interface.,Software Engineer,Technical,easy
Explain the difference between stack and queue.,Software Engineer,Technical,medium
Explain the difference between stack and dictionary.,Software Engineer,Technical,medium
Explain the difference between stack and lambda function.,Software Engineer,Technical,hard
Explain the difference between stack and virtual memory.,Software Engineer,Technical,hard
Explain the difference between stack and exception handling.,Software Engineer,Technical,easy
Explain the difference between stack and binary search.,Software Engineer,Technical,hard
Explain the difference between stack and linked list.,Software Engineer,Technical,medium
Explain the difference between stack and merge sort.,Software Engineer,Technical,easy
Explain the difference between stack and interface.,Software Engineer,Technical,hard
Explain the difference between queue and dictionary.,Software Engineer,Technical,easy
Explain the difference between queue and lambda function.,Software Engineer,Technical,hard
Explain the difference between queue and virtual memory.,Software Engineer,Technical,medium
Explain the difference between queue and exception handling.,Software Engineer,Technical,medium
Explain the difference between queue and binary search.,Software Engineer,Technical,easy
Explain the difference between queue and linked list.,Software Engineer,Technical,medium
Explain the difference between queue and merge sort.,Software Engineer,Technical,easy
Explain the difference between queue and interface.,Software Engineer,Technical,easy
Explain the difference between dictionary and lambda function.,Software Engineer,Technical,hard
Explain the difference between dictionary and virtual memory.,Software Engineer,Technical,easy
Explain the difference between dictionary and exception handling.,Software Engineer,Technical,medium
Explain the difference between dictionary and binary search.,Software Engineer,Technical,easy
Explain the difference between dictionary and linked list.,Software Engineer,Technical,easy
Explain the difference between dictionary and merge sort.,Software Engineer,Technical,medium
Explain the difference between dictionary and interface.,Software Engineer,Technical,medium
Explain the difference between lambda function and virtual memory.,Software Engineer,Technical,easy
Explain the difference between lambda function and exception handling.,Software Engineer,Technical,medium
Explain the difference between lambda function and binary search.,Software Engineer,Technical,easy
Explain the difference between lambda function and linked list.,Software Engineer,Technical,hard
Explain the difference between lambda function and merge sort.,Software Engineer,Technical,easy
Explain the difference between lambda function and interface.,Software Engineer,Technical,hard
Explain the difference between virtual memory and exception handling.,Software Engineer,Technical,easy
Explain the difference between virtual memory and binary search.,Software Engineer,Technical,hard
Explain the difference between virtual memory and linked list.,Software Engineer,Technical,easy
Explain the difference between virtual memory and merge sort.,Software Engineer,Technical,medium
Explain the difference between virtual memory and interface.,Software Engineer,Technical,easy
Explain the difference between exception handling and binary search.,Software Engineer,Technical,hard
Explain the difference between exception handling and linked list.,Software Engineer,Technical,medium
Explain the difference between exception handling and merge sort.,Software Engineer,Technical,easy
Explain the difference between exception handling and interface.,Software Engineer,Technical,hard
Explain the difference between binary search and linked list.,Software Engineer,Technical,medium
Explain the difference between binary search and merge sort.,Software Engineer,Technical,easy
Explain the difference between binary search and interface.,Software Engineer,Technical,hard
Explain the difference between linked list and merge sort.,Software Engineer,Technical,easy
Explain the difference between linked list and interface.,Software Engineer,Technical,medium
Explain the difference between merge sort and interface.,Software Engineer,Technical,medium
What is list and how is it used?,Software Engineer,Technical,hard
What is tuple and how is it used?,Software Engineer,Technical,easy
What is array and how is it used?,Software Engineer,Technical,medium
What is hashmap and how is it used?,Software Engineer,Technical,hard
What is recursion and how is it used?,Software Engineer,Technical,medium
What is inheritance and how is it used?,Software Engineer,Technical,medium
What is encapsulation and how is it used?,Software Engineer,Technical,medium
What is polymorphism and how is it used?,Software Engineer,Technical,hard
What is pointers and how is it used?,Software Engineer,Technical,medium
What is REST API and how is it used?,Software Engineer,Technical,hard
What is SQL injection and how is it used?,Software Engineer,Technical,hard
What is multithreading and how is it used?,Software Engineer,Technical,hard
What is deadlock and how is it used?,Software Engineer,Technical,hard
What is garbage collection and how is it used?,Software Engineer,Technical,easy
What is Big O notation and how is it used?,Software Engineer,Technical,hard
What is stack and how is it used?,Software Engineer,Technical,easy
What is queue and how is it used?,Software Engineer,Technical,medium
What is dictionary and how is it used?,Software Engineer,Technical,hard
What is lambda function and how is it used?,Software Engineer,Technical,easy
What is virtual memory and how is it used?,Software Engineer,Technical,medium
What is exception handling and how is it used?,Software Engineer,Technical,medium
What is binary search and how is it used?,Software Engineer,Technical,easy
What is linked list and how is it used?,Software Engineer,Technical,medium
What is merge sort and how is it used?,Software Engineer,Technical,easy
What is interface and how is it used?,Software Engineer,Technical,medium
How does list work internally?,Software Engineer,Technical,hard
How does tuple work internally?,Software Engineer,Technical,medium
How does array work internally?,Software Engineer,Technical,hard
How does hashmap work internally?,Software Engineer,Technical,easy
How does recursion work internally?,Software Engineer,Technical,hard
How does inheritance work internally?,Software Engineer,Technical,medium
How does encapsulation work internally?,Software Engineer,Technical,medium
How does polymorphism work internally?,Software Engineer,Technical,hard
How does pointers work internally?,Software Engineer,Technical,hard
How does REST API work internally?,Software Engineer,Technical,hard
How does SQL injection work internally?,Software Engineer,Technical,medium
How does multithreading work internally?,Software Engineer,Technical,medium
How does deadlock work internally?,Software Engineer,Technical,easy
How does garbage collection work internally?,Software Engineer,Technical,medium
How does Big O notation work internally?,Software Engineer,Technical,medium
How does stack work internally?,Software Engineer,Technical,medium
How does queue work internally?,Software Engineer,Technical,medium
How does dictionary work internally?,Software Engineer,Technical,medium
How does lambda function work internally?,Software Engineer,Technical,easy
How does virtual memory work internally?,Software Engineer,Technical,medium
How does exception handling work internally?,Software Engineer,Technical,medium
How does binary search work internally?,Software Engineer,Technical,medium
How does linked list work internally?,Software Engineer,Technical,medium
How does merge sort work internally?,Software Engineer,Technical,hard
How does interface work internally?,Software Engineer,Technical,medium
Why is list important in programming?,Software Engineer,Technical,medium
Why is tuple important in programming?,Software Engineer,Technical,medium
Why is array important in programming?,Software Engineer,Technical,hard
Why is hashmap important in programming?,Software Engineer,Technical,hard
Why is recursion important in programming?,Software Engineer,Technical,hard
Why is inheritance important in programming?,Software Engineer,Technical,hard
Why is encapsulation important in programming?,Software Engineer,Technical,easy
Why is polymorphism important in programming?,Software Engineer,Technical,medium
Why is pointers important in programming?,Software Engineer,Technical,easy
Why is REST API important in programming?,Software Engineer,Technical,easy
Why is SQL injection important in programming?,Software Engineer,Technical,hard
Why is multithreading important in programming?,Software Engineer,Technical,easy
Why is deadlock important in programming?,Software Engineer,Technical,easy
Why is garbage collection important in programming?,Software Engineer,Technical,hard
Why is Big O notation important in programming?,Software Engineer,Technical,medium
Why is stack important in programming?,Software Engineer,Technical,easy
Why is queue important in programming?,Software Engineer,Technical,hard
Why is dictionary important in programming?,Software Engineer,Technical,hard
Why is lambda function important in programming?,Software Engineer,Technical,hard
Why is virtual memory important in programming?,Software Engineer,Technical,medium
Why is exception handling important in programming?,Software Engineer,Technical,medium
Why is binary search important in programming?,Software Engineer,Technical,medium
Why is linked list important in programming?,Software Engineer,Technical,easy
Why is merge sort important in programming?,Software Engineer,Technical,medium
Why is interface important in programming?,Software Engineer,Technical,easy
When would you use list over tuple?,Software Engineer,Technical,hard
When would you use list over array?,Software Engineer,Technical,easy
When would you use list over hashmap?,Software Engineer,Technical,easy
When would you use list over recursion?,Software Engineer,Technical,hard
When would you use list over inheritance?,Software Engineer,Technical,hard
When would you use list over encapsulation?,Software Engineer,Technical,medium
When would you use list over polymorphism?,Software Engineer,Technical,medium
When would you use list over pointers?,Software Engineer,Technical,hard
When would you use list over REST API?,Software Engineer,Technical,hard
When would you use list over SQL injection?,Software Engineer,Technical,hard
When would you use list over multithreading?,Software Engineer,Technical,medium
When would you use list over deadlock?,Software Engineer,Technical,hard
When would you use list over garbage collection?,Software Engineer,Technical,hard
When would you use list over Big O notation?,Software Engineer,Technical,easy
When would you use list over stack?,Software Engineer,Technical,hard
When would you use list over queue?,Software Engineer,Technical,easy
When would you use list over dictionary?,Software Engineer,Technical,medium
When would you use list over lambda function?,Software Engineer,Technical,easy
When would you use list over virtual memory?,Software Engineer,Technical,easy
When would you use list over exception handling?,Software Engineer,Technical,medium
When would you use list over binary search?,Software Engineer,Technical,hard
When would you use list over linked list?,Software Engineer,Technical,hard
When would you use list over merge sort?,Software Engineer,Technical,medium
When would you use list over interface?,Software Engineer,Technical,easy
When would you use tuple over array?,Software Engineer,Technical,hard
When would you use tuple over hashmap?,Software Engineer,Technical,easy
When would you use tuple over recursion?,Software Engineer,Technical,hard
When would you use tuple over inheritance?,Software Engineer,Technical,hard
When would you use tuple over encapsulation?,Software Engineer,Technical,hard
When would you use tuple over polymorphism?,Software Engineer,Technical,hard
When would you use tuple over pointers?,Software Engineer,Technical,easy
When would you use tuple over REST API?,Software Engineer,Technical,medium
When would you use tuple over SQL injection?,Software Engineer,Technical,medium
When would you use tuple over multithreading?,Software Engineer,Technical,medium
When would you use tuple over deadlock?,Software Engineer,Technical,hard
When would you use tuple over garbage collection?,Software Engineer,Technical,easy
When would you use tuple over Big O notation?,Software Engineer,Technical,hard
When would you use tuple over stack?,Software Engineer,Technical,medium
When would you use tuple over queue?,Software Engineer,Technical,easy
When would you use tuple over dictionary?,Software Engineer,Technical,hard
When would you use tuple over lambda function?,Software Engineer,Technical,medium
When would you use tuple over virtual memory?,Software Engineer,Technical,hard
When would you use tuple over exception handling?,Software Engineer,Technical,medium
When would you use tuple over binary search?,Software Engineer,Technical,medium
When would you use tuple over linked list?,Software Engineer,Technical,easy
When would you use tuple over merge sort?,Software Engineer,Technical,easy
When would you use tuple over interface?,Software Engineer,Technical,easy
When would you use array over hashmap?,Software Engineer,Technical,medium
When would you use array over recursion?,Software Engineer,Technical,medium
When would you use array over inheritance?,Software Engineer,Technical,hard
When would you use array over encapsulation?,Software Engineer,Technical,medium
When would you use array over polymorphism?,Software Engineer,Technical,hard
When would you use array over pointers?,Software Engineer,Technical,easy
When would you use array over REST API?,Software Engineer,Technical,hard
When would you use array over SQL injection?,Software Engineer,Technical,easy
When would you use array over multithreading?,Software Engineer,Technical,hard
When would you use array over deadlock?,Software Engineer,Technical,medium
When would you use array over garbage collection?,Software Engineer,Technical,medium
When would you use array over Big O notation?,Software Engineer,Technical,easy
When would you use array over stack?,Software Engineer,Technical,medium
When would you use array over queue?,Software Engineer,Technical,easy
When would you use array over dictionary?,Software Engineer,Technical,medium
When would you use array over lambda function?,Software Engineer,Technical,hard
When would you use array over virtual memory?,Software Engineer,Technical,hard
When would you use array over exception handling?,Software Engineer,Technical,easy
When would you use array over binary search?,Software Engineer,Technical,medium
When would you use array over linked list?,Software Engineer,Technical,medium
When would you use array over merge sort?,Software Engineer,Technical,hard
When would you use array over interface?,Software Engineer,Technical,easy
When would you use hashmap over recursion?,Software Engineer,Technical,hard
When would you use hashmap over inheritance?,Software Engineer,Technical,hard
When would you use hashmap over encapsulation?,Software Engineer,Technical,easy
When would you use hashmap over polymorphism?,Software Engineer,Technical,hard
When would you use hashmap over pointers?,Software Engineer,Technical,medium
When would you use hashmap over REST API?,Software Engineer,Technical,hard
When would you use hashmap over SQL injection?,Software Engineer,Technical,hard
When would you use hashmap over multithreading?,Software Engineer,Technical,medium
When would you use hashmap over deadlock?,Software Engineer,Technical,medium
When would you use hashmap over garbage collection?,Software Engineer,Technical,easy
When would you use hashmap over Big O notation?,Software Engineer,Technical,medium
When would you use hashmap over stack?,Software Engineer,Technical,medium
When would you use hashmap over queue?,Software Engineer,Technical,hard
When would you use hashmap over dictionary?,Software Engineer,Technical,easy
When would you use hashmap over lambda function?,Software Engineer,Technical,hard
When would you use hashmap over virtual memory?,Software Engineer,Technical,easy
When would you use hashmap over exception handling?,Software Engineer,Technical,hard
When would you use hashmap over binary search?,Software Engineer,Technical,medium
When would you use hashmap over linked list?,Software Engineer,Technical,medium
When would you use hashmap over merge sort?,Software Engineer,Technical,medium
When would you use hashmap over interface?,Software Engineer,Technical,medium
When would you use recursion over inheritance?,Software Engineer,Technical,medium
When would you use recursion over encapsulation?,Software Engineer,Technical,medium
When would you use recursion over polymorphism?,Software Engineer,Technical,hard
When would you use recursion over pointers?,Software Engineer,Technical,medium
When would you use recursion over REST API?,Software Engineer,Technical,medium
When would you use recursion over SQL injection?,Software Engineer,Technical,hard
When would you use recursion over multithreading?,Software Engineer,Technical,hard
When would you use recursion over deadlock?,Software Engineer,Technical,hard
When would you use recursion over garbage collection?,Software Engineer,Technical,hard
When would you use recursion over Big O notation?,Software Engineer,Technical,easy
When would you use recursion over stack?,Software Engineer,Technical,medium
When would you use recursion over queue?,Software Engineer,Technical,hard
When would you use recursion over dictionary?,Software Engineer,Technical,medium
When would you use recursion over lambda function?,Software Engineer,Technical,easy
When would you use recursion over virtual memory?,Software Engineer,Technical,medium
When would you use recursion over exception handling?,Software Engineer,Technical,medium
When would you use recursion over binary search?,Software Engineer,Technical,easy
When would you use recursion over linked list?,Software Engineer,Technical,hard
When would you use recursion over merge sort?,Software Engineer,Technical,medium
When would you use recursion over interface?,Software Engineer,Technical,hard
When would you use inheritance over encapsulation?,Software Engineer,Technical,medium
When would you use inheritance over polymorphism?,Software Engineer,Technical,medium
When would you use inheritance over pointers?,Software Engineer,Technical,hard
When would you use inheritance over REST API?,Software Engineer,Technical,hard
When would you use inheritance over SQL injection?,Software Engineer,Technical,hard
When would you use inheritance over multithreading?,Software Engineer,Technical,easy
When would you use inheritance over deadlock?,Software Engineer,Technical,medium
When would you use inheritance over garbage collection?,Software Engineer,Technical,medium
When would you use inheritance over Big O notation?,Software Engineer,Technical,easy
When would you use inheritance over stack?,Software Engineer,Technical,hard
When would you use inheritance over queue?,Software Engineer,Technical,easy
When would you use inheritance over dictionary?,Software Engineer,Technical,easy
When would you use inheritance over lambda function?,Software Engineer,Technical,medium
When would you use inheritance over virtual memory?,Software Engineer,Technical,easy
When would you use inheritance over exception handling?,Software Engineer,Technical,hard
When would you use inheritance over binary search?,Software Engineer,Technical,medium
When would you use inheritance over linked list?,Software Engineer,Technical,easy
When would you use inheritance over merge sort?,Software Engineer,Technical,medium
When would you use inheritance over interface?,Software Engineer,Technical,easy
When would you use encapsulation over polymorphism?,Software Engineer,Technical,medium
When would you use encapsulation over pointers?,Software Engineer,Technical,hard
When would you use encapsulation over REST API?,Software Engineer,Technical,hard
When would you use encapsulation over SQL injection?,Software Engineer,Technical,medium
When would you use encapsulation over multithreading?,Software Engineer,Technical,hard
When would you use encapsulation over deadlock?,Software Engineer,Technical,medium
When would you use encapsulation over garbage collection?,Software Engineer,Technical,hard
When would you use encapsulation over Big O notation?,Software Engineer,Technical,medium
When would you use encapsulation over stack?,Software Engineer,Technical,hard
When would you use encapsulation over queue?,Software Engineer,Technical,medium
When would you use encapsulation over dictionary?,Software Engineer,Technical,hard
When would you use encapsulation over lambda function?,Software Engineer,Technical,medium
When would you use encapsulation over virtual memory?,Software Engineer,Technical,easy
When would you use encapsulation over exception handling?,Software Engineer,Technical,hard
When would you use encapsulation over binary search?,Software Engineer,Technical,easy
When would you use encapsulation over linked list?,Software Engineer,Technical,medium
When would you use encapsulation over merge sort?,Software Engineer,Technical,medium
When would you use encapsulation over interface?,Software Engineer,Technical,medium
When would you use polymorphism over pointers?,Software Engineer,Technical,easy
When would you use polymorphism over REST API?,Software Engineer,Technical,hard
When would you use polymorphism over SQL injection?,Software Engineer,Technical,easy
When would you use polymorphism over multithreading?,Software Engineer,Technical,medium
When would you use polymorphism over deadlock?,Software Engineer,Technical,hard
When would you use polymorphism over garbage collection?,Software Engineer,Technical,medium
When would you use polymorphism over Big O notation?,Software Engineer,Technical,hard
When would you use polymorphism over stack?,Software Engineer,Technical,easy
When would you use polymorphism over queue?,Software Engineer,Technical,easy
When would you use polymorphism over dictionary?,Software Engineer,Technical,medium
When would you use polymorphism over lambda function?,Software Engineer,Technical,easy
When would you use polymorphism over virtual memory?,Software Engineer,Technical,hard
When would you use polymorphism over exception handling?,Software Engineer,Technical,medium
When would you use polymorphism over binary search?,Software Engineer,Technical,medium
When would you use polymorphism over linked list?,Software Engineer,Technical,easy
When would you use polymorphism over merge sort?,Software Engineer,Technical,medium
When would you use polymorphism over interface?,Software Engineer,Technical,hard
When would you use pointers over REST API?,Software Engineer,Technical,hard
When would you use pointers over SQL injection?,Software Engineer,Technical,hard
When would you use pointers over multithreading?,Software Engineer,Technical,easy
When would you use pointers over deadlock?,Software Engineer,Technical,medium
When would you use pointers over garbage collection?,Software Engineer,Technical,hard
When would you use pointers over Big O notation?,Software Engineer,Technical,hard
When would you use pointers over stack?,Software Engineer,Technical,easy
When would you use pointers over queue?,Software Engineer,Technical,easy
When would you use pointers over dictionary?,Software Engineer,Technical,hard
When would you use pointers over lambda function?,Software Engineer,Technical,easy
When would you use pointers over virtual memory?,Software Engineer,Technical,easy
When would you use pointers over exception handling?,Software Engineer,Technical,hard
When would you use pointers over binary search?,Software Engineer,Technical,hard
When would you use pointers over linked list?,Software Engineer,Technical,medium
When would you use pointers over merge sort?,Software Engineer,Technical,hard
When would you use pointers over interface?,Software Engineer,Technical,hard
When would you use REST API over SQL injection?,Software Engineer,Technical,hard
When would you use REST API over multithreading?,Software Engineer,Technical,easy
When would you use REST API over deadlock?,Software Engineer,Technical,medium
When would you use REST API over garbage collection?,Software Engineer,Technical,medium
When would you use REST API over Big O notation?,Software Engineer,Technical,easy
When would you use REST API over stack?,Software Engineer,Technical,easy
When would you use REST API over queue?,Software Engineer,Technical,medium
When would you use REST API over dictionary?,Software Engineer,Technical,easy
When would you use REST API over lambda function?,Software Engineer,Technical,medium
When would you use REST API over virtual memory?,Software Engineer,Technical,easy
When would you use REST API over exception handling?,Software Engineer,Technical,easy
When would you use REST API over binary search?,Software Engineer,Technical,medium
When would you use REST API over linked list?,Software Engineer,Technical,easy
When would you use REST API over merge sort?,Software Engineer,Technical,hard
When would you use REST API over interface?,Software Engineer,Technical,hard
When would you use SQL injection over multithreading?,Software Engineer,Technical,easy
When would you use SQL injection over deadlock?,Software Engineer,Technical,easy
When would you use SQL injection over garbage collection?,Software Engineer,Technical,hard
When would you use SQL injection over Big O notation?,Software Engineer,Technical,easy
When would you use SQL injection over stack?,Software Engineer,Technical,medium
When would you use SQL injection over queue?,Software Engineer,Technical,hard
When would you use SQL injection over dictionary?,Software Engineer,Technical,easy
When would you use SQL injection over lambda function?,Software Engineer,Technical,medium
When would you use SQL injection over virtual memory?,Software Engineer,Technical,easy
When would you use SQL injection over exception handling?,Software Engineer,Technical,hard
When would you use SQL injection over binary search?,Software Engineer,Technical,hard
When would you use SQL injection over linked list?,Software Engineer,Technical,easy
When would you use SQL injection over merge sort?,Software Engineer,Technical,medium
When would you use SQL injection over interface?,Software Engineer,Technical,easy
When would you use multithreading over deadlock?,Software Engineer,Technical,easy
When would you use multithreading over garbage collection?,Software Engineer,Technical,medium
When would you use multithreading over Big O notation?,Software Engineer,Technical,medium
When would you use multithreading over stack?,Software Engineer,Technical,hard
When would you use multithreading over queue?,Software Engineer,Technical,medium
When would you use multithreading over dictionary?,Software Engineer,Technical,easy
When would you use multithreading over lambda function?,Software Engineer,Technical,easy
When would you use multithreading over virtual memory?,Software Engineer,Technical,hard
When would you use multithreading over exception handling?,Software Engineer,Technical,hard
When would you use multithreading over binary search?,Software Engineer,Technical,medium
When would you use multithreading over linked list?,Software Engineer,Technical,easy
When would you use multithreading over merge sort?,Software Engineer,Technical,easy
When would you use multithreading over interface?,Software Engineer,Technical,easy
When would you use deadlock over garbage collection?,Software Engineer,Technical,medium
When would you use deadlock over Big O notation?,Software Engineer,Technical,easy
When would you use deadlock over stack?,Software Engineer,Technical,medium
Describe a time you had to resolve a conflict.,HR,Behavioral,easy
Describe a time you had to lead a team.,HR,Behavioral,medium
Describe a time you had to meet a deadline.,HR,Behavioral,easy
Describe a time you had to handle criticism.,HR,Behavioral,medium
Describe a time you had to adapt to change.,HR,Behavioral,easy
Describe a time you had to make a tough decision.,HR,Behavioral,medium
Describe a time you had to work under pressure.,HR,Behavioral,easy
Describe a time you had to manage multiple tasks.,HR,Behavioral,hard
Describe a time you had to fail at something.,HR,Behavioral,medium
Describe a time you had to learn a new skill quickly.,HR,Behavioral,easy
How do you typically handle situations where you need to resolve a conflict?,HR,Behavioral,easy
How do you typically handle situations where you need to lead a team?,HR,Behavioral,medium
How do you typically handle situations where you need to meet a deadline?,HR,Behavioral,hard
How do you typically handle situations where you need to handle criticism?,HR,Behavioral,hard
How do you typically handle situations where you need to adapt to change?,HR,Behavioral,easy
How do you typically handle situations where you need to make a tough decision?,HR,Behavioral,hard
How do you typically handle situations where you need to work under pressure?,HR,Behavioral,medium
How do you typically handle situations where you need to manage multiple tasks?,HR,Behavioral,medium
How do you typically handle situations where you need to fail at something?,HR,Behavioral,easy
How do you typically handle situations where you need to learn a new skill quickly?,HR,Behavioral,easy
Give an example of a situation where you resolve a conflict.,HR,Behavioral,medium
Give an example of a situation where you lead a team.,HR,Behavioral,medium
Give an example of a situation where you meet a deadline.,HR,Behavioral,medium
Give an example of a situation where you handle criticism.,HR,Behavioral,hard
Give an example of a situation where you adapt to change.,HR,Behavioral,easy
Give an example of a situation where you make a tough decision.,HR,Behavioral,medium
Give an example of a situation where you work under pressure.,HR,Behavioral,medium
Give an example of a situation where you manage multiple tasks.,HR,Behavioral,medium
Give an example of a situation where you fail at something.,HR,Behavioral,hard
Give an example of a situation where you learn a new skill quickly.,HR,Behavioral,medium
What steps do you take to resolve a conflict?,HR,Behavioral,hard
What steps do you take to lead a team?,HR,Behavioral,medium
What steps do you take to meet a deadline?,HR,Behavioral,hard
What steps do you take to handle criticism?,HR,Behavioral,hard
What steps do you take to adapt to change?,HR,Behavioral,medium
What steps do you take to make a tough decision?,HR,Behavioral,medium
What steps do you take to work under pressure?,HR,Behavioral,hard
What steps do you take to manage multiple tasks?,HR,Behavioral,easy
What steps do you take to fail at something?,HR,Behavioral,medium
What steps do you take to learn a new skill quickly?,HR,Behavioral,easy
Tell me about a time when you failed to resolve a conflict.,HR,Behavioral,hard
Tell me about a time when you failed to lead a team.,HR,Behavioral,easy
Tell me about a time when you failed to meet a deadline.,HR,Behavioral,easy
Tell me about a time when you failed to handle criticism.,HR,Behavioral,hard
Tell me about a time when you failed to adapt to change.,HR,Behavioral,medium
Tell me about a time when you failed to make a tough decision.,HR,Behavioral,easy
Tell me about a time when you failed to work under pressure.,HR,Behavioral,easy
Tell me about a time when you failed to manage multiple tasks.,HR,Behavioral,medium
Tell me about a time when you failed to fail at something.,HR,Behavioral,easy
Tell me about a time when you failed to learn a new skill quickly.,HR,Behavioral,hard
How do you prioritize tasks when you need to resolve a conflict?,HR,Behavioral,medium
How do you prioritize tasks when you need to lead a team?,HR,Behavioral,easy
How do you prioritize tasks when you need to meet a deadline?,HR,Behavioral,hard
How do you prioritize tasks when you need to handle criticism?,HR,Behavioral,medium
How do you prioritize tasks when you need to adapt to change?,HR,Behavioral,medium
How do you prioritize tasks when you need to make a tough decision?,HR,Behavioral,easy
How do you prioritize tasks when you need to work under pressure?,HR,Behavioral,easy
How do you prioritize tasks when you need to manage multiple tasks?,HR,Behavioral,easy
How do you prioritize tasks when you need to fail at something?,HR,Behavioral,hard
How do you prioritize tasks when you need to learn a new skill quickly?,HR,Behavioral,hard
